"GID_0";"COUNTRY";"NAME_1";"GID_1";"NAME_2";"GID_2";"NAME_3";"TYPE_3";"GID_3";"HASC_3"
"BFA";"Burkina Faso";"Boucle du Mouhoun";"BFA.1_1";"Balé";"BFA.1.1_1";"Bagassi";"Département";"BFA.1.1.1_1";"BF.BO.BA.BG"
"BFA";"Burkina Faso";"Boucle du Mouhoun";"BFA.1_1";"Balé";"BFA.1.1_1";"Bana";"Département";"BFA.1.1.2_1";"BF.BO.BA.BN"
"BFA";"Burkina Faso";"Boucle du Mouhoun";"BFA.1_1";"Balé";"BFA.1.1_1";"Boromo";"Département";"BFA.1.1.3_1";"BF.BO.BA.BO"
"BFA";"Burkina Faso";"Boucle du Mouhoun";"BFA.1_1";"Balé";"BFA.1.1_1";"Fara";"Département";"BFA.1.1.4_1";"BF.BO.BA.FA"
"BFA";"Burkina Faso";"Boucle du Mouhoun";"BFA.1_1";"Balé";"BFA.1.1_1";"Oury";"Département";"BFA.1.1.5_1";"BF.BO.BA.OU"
"BFA";"Burkina Faso";"Boucle du Mouhoun";"BFA.1_1";"Balé";"BFA.1.1_1";"Pa";"Département";"BFA.1.1.6_1";"BF.BO.BA.PA"
"BFA";"Burkina Faso";"Boucle du Mouhoun";"BFA.1_1";"Balé";"BFA.1.1_1";"Pompoï";"Département";"BFA.1.1.7_1";"BF.BO.BA.PP"
"BFA";"Burkina Faso";"Boucle du Mouhoun";"BFA.1_1";"Balé";"BFA.1.1_1";"Poura";"Département";"BFA.1.1.8_1";"BF.BO.BA.PR"
"BFA";"Burkina Faso";"Boucle du Mouhoun";"BFA.1_1";"Balé";"BFA.1.1_1";"Siby";"Département";"BFA.1.1.9_1";"BF.BO.BA.SI"
"BFA";"Burkina Faso";"Boucle du Mouhoun";"BFA.1_1";"Balé";"BFA.1.1_1";"Yaho";"Département";"BFA.1.1.10_1";"BF.BO.BA.YA"
"BFA";"Burkina Faso";"Boucle du Mouhoun";"BFA.1_1";"Banwa";"BFA.1.2_1";"Balavé";"Département";"BFA.1.2.1_1";"BF.BO.BW.SS"
"BFA";"Burkina Faso";"Boucle du Mouhoun";"BFA.1_1";"Banwa";"BFA.1.2_1";"Kouka";"Département";"BFA.1.2.2_1";"BF.BO.BW.KO"
"BFA";"Burkina Faso";"Boucle du Mouhoun";"BFA.1_1";"Banwa";"BFA.1.2_1";"Sami";"Département";"BFA.1.2.3_1";"BF.BO.BW.SM"
"BFA";"Burkina Faso";"Boucle du Mouhoun";"BFA.1_1";"Banwa";"BFA.1.2_1";"Sanaba";"Département";"BFA.1.2.4_1";"BF.BO.BW.SB"
"BFA";"Burkina Faso";"Boucle du Mouhoun";"BFA.1_1";"Banwa";"BFA.1.2_1";"Solenzo";"Département";"BFA.1.2.5_1";"BF.BO.BW.SZ"
"BFA";"Burkina Faso";"Boucle du Mouhoun";"BFA.1_1";"Banwa";"BFA.1.2_1";"Tansila";"Département";"BFA.1.2.6_1";"BF.BO.BW.TA"
"BFA";"Burkina Faso";"Boucle du Mouhoun";"BFA.1_1";"Kossi";"BFA.1.3_1";"Barani";"Département";"BFA.1.3.1_1";"BF.BO.KS.BA"
"BFA";"Burkina Faso";"Boucle du Mouhoun";"BFA.1_1";"Kossi";"BFA.1.3_1";"Bomborokuy";"Département";"BFA.1.3.2_1";"BF.BO.KS.BB"
"BFA";"Burkina Faso";"Boucle du Mouhoun";"BFA.1_1";"Kossi";"BFA.1.3_1";"Bourasso";"Département";"BFA.1.3.3_1";"BF.BO.KS.BS"
"BFA";"Burkina Faso";"Boucle du Mouhoun";"BFA.1_1";"Kossi";"BFA.1.3_1";"Djibasso";"Département";"BFA.1.3.4_1";"BF.BO.KS.DJ"
"BFA";"Burkina Faso";"Boucle du Mouhoun";"BFA.1_1";"Kossi";"BFA.1.3_1";"Dokuy";"Département";"BFA.1.3.5_1";"BF.BO.KS.DK"
"BFA";"Burkina Faso";"Boucle du Mouhoun";"BFA.1_1";"Kossi";"BFA.1.3_1";"Doumbala";"Département";"BFA.1.3.6_1";"BF.BO.KS.DL"
"BFA";"Burkina Faso";"Boucle du Mouhoun";"BFA.1_1";"Kossi";"BFA.1.3_1";"Kombori";"Département";"BFA.1.3.7_1";"BF.BO.KS.KO"
"BFA";"Burkina Faso";"Boucle du Mouhoun";"BFA.1_1";"Kossi";"BFA.1.3_1";"Madouba";"Département";"BFA.1.3.8_1";"BF.BO.KS.MA"
"BFA";"Burkina Faso";"Boucle du Mouhoun";"BFA.1_1";"Kossi";"BFA.1.3_1";"Nouna";"Département";"BFA.1.3.9_1";"BF.BO.KS.NO"
"BFA";"Burkina Faso";"Boucle du Mouhoun";"BFA.1_1";"Kossi";"BFA.1.3_1";"Sono";"Département";"BFA.1.3.10_1";"BF.BO.KS.SO"
"BFA";"Burkina Faso";"Boucle du Mouhoun";"BFA.1_1";"Mouhoun";"BFA.1.4_1";"Bondokuy";"Département";"BFA.1.4.1_1";"BF.BO.MO.BO"
"BFA";"Burkina Faso";"Boucle du Mouhoun";"BFA.1_1";"Mouhoun";"BFA.1.4_1";"Dedougou";"Département";"BFA.1.4.2_1";"BF.BO.MO.DE"
"BFA";"Burkina Faso";"Boucle du Mouhoun";"BFA.1_1";"Mouhoun";"BFA.1.4_1";"Douroula";"Département";"BFA.1.4.3_1";"BF.BO.MO.DO"
"BFA";"Burkina Faso";"Boucle du Mouhoun";"BFA.1_1";"Mouhoun";"BFA.1.4_1";"Kona";"Département";"BFA.1.4.4_1";"BF.BO.MO.KO"
"BFA";"Burkina Faso";"Boucle du Mouhoun";"BFA.1_1";"Mouhoun";"BFA.1.4_1";"Ouarkoye";"Département";"BFA.1.4.5_1";"BF.BO.MO.OU"
"BFA";"Burkina Faso";"Boucle du Mouhoun";"BFA.1_1";"Mouhoun";"BFA.1.4_1";"Safane";"Département";"BFA.1.4.6_1";"BF.BO.MO.SA"
"BFA";"Burkina Faso";"Boucle du Mouhoun";"BFA.1_1";"Mouhoun";"BFA.1.4_1";"Tchériba";"Département";"BFA.1.4.7_1";"BF.BO.MO.TC"
"BFA";"Burkina Faso";"Boucle du Mouhoun";"BFA.1_1";"Nayala";"BFA.1.5_1";"Gassan";"Département";"BFA.1.5.1_1";"BF.BO.NY.GA"
"BFA";"Burkina Faso";"Boucle du Mouhoun";"BFA.1_1";"Nayala";"BFA.1.5_1";"Gossina";"Département";"BFA.1.5.2_1";"BF.BO.NY.GO"
"BFA";"Burkina Faso";"Boucle du Mouhoun";"BFA.1_1";"Nayala";"BFA.1.5_1";"Kougny";"Département";"BFA.1.5.3_1";"BF.BO.NY.KO"
"BFA";"Burkina Faso";"Boucle du Mouhoun";"BFA.1_1";"Nayala";"BFA.1.5_1";"Toma";"Département";"BFA.1.5.4_1";"BF.BO.NY.TO"
"BFA";"Burkina Faso";"Boucle du Mouhoun";"BFA.1_1";"Nayala";"BFA.1.5_1";"Yaba";"Département";"BFA.1.5.5_1";"BF.BO.NY.YA"
"BFA";"Burkina Faso";"Boucle du Mouhoun";"BFA.1_1";"Nayala";"BFA.1.5_1";"Ye";"Département";"BFA.1.5.6_1";"BF.BO.NY.YE"
"BFA";"Burkina Faso";"Boucle du Mouhoun";"BFA.1_1";"Sourou";"BFA.1.6_1";"Di";"Département";"BFA.1.6.1_1";"BF.BO.SR.DI"
"BFA";"Burkina Faso";"Boucle du Mouhoun";"BFA.1_1";"Sourou";"BFA.1.6_1";"Gomboro";"Département";"BFA.1.6.2_1";"BF.BO.SR.GO"
"BFA";"Burkina Faso";"Boucle du Mouhoun";"BFA.1_1";"Sourou";"BFA.1.6_1";"Kassoum";"Département";"BFA.1.6.3_1";"BF.BO.SR.KA"
"BFA";"Burkina Faso";"Boucle du Mouhoun";"BFA.1_1";"Sourou";"BFA.1.6_1";"Kiembara";"Département";"BFA.1.6.4_1";"BF.BO.SR.KI"
"BFA";"Burkina Faso";"Boucle du Mouhoun";"BFA.1_1";"Sourou";"BFA.1.6_1";"Lanfièra";"Département";"BFA.1.6.5_1";"BF.BO.SR.LF"
"BFA";"Burkina Faso";"Boucle du Mouhoun";"BFA.1_1";"Sourou";"BFA.1.6_1";"Lankouè";"Département";"BFA.1.6.6_1";"BF.BO.SR.LK"
"BFA";"Burkina Faso";"Boucle du Mouhoun";"BFA.1_1";"Sourou";"BFA.1.6_1";"Toeni";"Département";"BFA.1.6.7_1";"BF.BO.SR.TN"
"BFA";"Burkina Faso";"Boucle du Mouhoun";"BFA.1_1";"Sourou";"BFA.1.6_1";"Tougan";"Département";"BFA.1.6.8_1";"BF.BO.SR.TG"
"BFA";"Burkina Faso";"Cascades";"BFA.2_1";"Comoé";"BFA.2.1_1";"Banfora";"Département";"BFA.2.1.1_1";"BF.CD.KM.BA"
"BFA";"Burkina Faso";"Cascades";"BFA.2_1";"Comoé";"BFA.2.1_1";"Beregadougou";"Département";"BFA.2.1.2_1";"BF.CD.KM.BE"
"BFA";"Burkina Faso";"Cascades";"BFA.2_1";"Comoé";"BFA.2.1_1";"Mangodara";"Département";"BFA.2.1.3_1";"BF.CD.KM.MA"
"BFA";"Burkina Faso";"Cascades";"BFA.2_1";"Comoé";"BFA.2.1_1";"Moussodougou";"Département";"BFA.2.1.4_1";"BF.CD.KM.MO"
"BFA";"Burkina Faso";"Cascades";"BFA.2_1";"Comoé";"BFA.2.1_1";"Niangoloko";"Département";"BFA.2.1.5_1";"BF.CD.KM.NI"
"BFA";"Burkina Faso";"Cascades";"BFA.2_1";"Comoé";"BFA.2.1_1";"Ouo";"Département";"BFA.2.1.6_1";"BF.CD.KM.OU"
"BFA";"Burkina Faso";"Cascades";"BFA.2_1";"Comoé";"BFA.2.1_1";"Sidéradougou";"Département";"BFA.2.1.7_1";"BF.CD.KM.SI"
"BFA";"Burkina Faso";"Cascades";"BFA.2_1";"Comoé";"BFA.2.1_1";"Soubakaniédougou";"Département";"BFA.2.1.8_1";"BF.CD.KM.SO"
"BFA";"Burkina Faso";"Cascades";"BFA.2_1";"Comoé";"BFA.2.1_1";"Tiéfora";"Département";"BFA.2.1.9_1";"BF.CD.KM.TI"
"BFA";"Burkina Faso";"Cascades";"BFA.2_1";"Léraba";"BFA.2.2_1";"Dakoro";"Département";"BFA.2.2.1_1";"BF.CD.LE.DA"
"BFA";"Burkina Faso";"Cascades";"BFA.2_1";"Léraba";"BFA.2.2_1";"Douna";"Département";"BFA.2.2.2_1";"BF.CD.LE.DO"
"BFA";"Burkina Faso";"Cascades";"BFA.2_1";"Léraba";"BFA.2.2_1";"Kankalaba";"Département";"BFA.2.2.3_1";"BF.CD.LE.KA"
"BFA";"Burkina Faso";"Cascades";"BFA.2_1";"Léraba";"BFA.2.2_1";"Loumana";"Département";"BFA.2.2.4_1";"BF.CD.LE.LO"
"BFA";"Burkina Faso";"Cascades";"BFA.2_1";"Léraba";"BFA.2.2_1";"Niankorodougou";"Département";"BFA.2.2.5_1";"BF.CD.LE.NI"
"BFA";"Burkina Faso";"Cascades";"BFA.2_1";"Léraba";"BFA.2.2_1";"Oueleni";"Département";"BFA.2.2.6_1";"BF.CD.LE.OU"
"BFA";"Burkina Faso";"Cascades";"BFA.2_1";"Léraba";"BFA.2.2_1";"Sindou";"Département";"BFA.2.2.7_1";"BF.CD.LE.SI"
"BFA";"Burkina Faso";"Cascades";"BFA.2_1";"Léraba";"BFA.2.2_1";"Wolonkoto";"Département";"BFA.2.2.8_1";"BF.CD.LE.WO"
"BFA";"Burkina Faso";"Centre";"BFA.7_1";"Kadiogo";"BFA.7.1_1";"Komki-Ipala";"Département";"BFA.7.1.1_1";"BF.CT.KA.KI"
"BFA";"Burkina Faso";"Centre";"BFA.7_1";"Kadiogo";"BFA.7.1_1";"Komsilga";"Département";"BFA.7.1.2_1";"BF.CT.KA.KS"
"BFA";"Burkina Faso";"Centre";"BFA.7_1";"Kadiogo";"BFA.7.1_1";"Koubri";"Département";"BFA.7.1.3_1";"BF.CT.KA.KB"
"BFA";"Burkina Faso";"Centre";"BFA.7_1";"Kadiogo";"BFA.7.1_1";"Ouagadougou";"Département";"BFA.7.1.4_1";"BF.CT.KA.OU"
"BFA";"Burkina Faso";"Centre";"BFA.7_1";"Kadiogo";"BFA.7.1_1";"Pabre";"Département";"BFA.7.1.5_1";"BF.CT.KA.PA"
"BFA";"Burkina Faso";"Centre";"BFA.7_1";"Kadiogo";"BFA.7.1_1";"Saaba";"Département";"BFA.7.1.6_1";"BF.CT.KA.SA"
"BFA";"Burkina Faso";"Centre";"BFA.7_1";"Kadiogo";"BFA.7.1_1";"Tanghin-Dassouri";"Département";"BFA.7.1.7_1";"BF.CT.KA.TD"
"BFA";"Burkina Faso";"Centre-Est";"BFA.3_1";"Boulgou";"BFA.3.1_1";"Bagre";"Département";"BFA.3.1.1_1";"BF.CE.BL.BR"
"BFA";"Burkina Faso";"Centre-Est";"BFA.3_1";"Boulgou";"BFA.3.1_1";"Bane";"Département";"BFA.3.1.2_1";"BF.CE.BL.BN"
"BFA";"Burkina Faso";"Centre-Est";"BFA.3_1";"Boulgou";"BFA.3.1_1";"Beguedo";"Département";"BFA.3.1.3_1";"BF.CE.BL.BD"
"BFA";"Burkina Faso";"Centre-Est";"BFA.3_1";"Boulgou";"BFA.3.1_1";"Bissiga";"Département";"BFA.3.1.4_1";"BF.CE.BL.BS"
"BFA";"Burkina Faso";"Centre-Est";"BFA.3_1";"Boulgou";"BFA.3.1_1";"Bittou";"Département";"BFA.3.1.5_1";"BF.CE.BL.BT"
"BFA";"Burkina Faso";"Centre-Est";"BFA.3_1";"Boulgou";"BFA.3.1_1";"Boussouma";"Département";"BFA.3.1.6_1";"BF.CE.BL.BM"
"BFA";"Burkina Faso";"Centre-Est";"BFA.3_1";"Boulgou";"BFA.3.1_1";"Garango";"Département";"BFA.3.1.7_1";"BF.CE.BL.GA"
"BFA";"Burkina Faso";"Centre-Est";"BFA.3_1";"Boulgou";"BFA.3.1_1";"Komtoega";"Département";"BFA.3.1.8_1";"BF.CE.BL.KO"
"BFA";"Burkina Faso";"Centre-Est";"BFA.3_1";"Boulgou";"BFA.3.1_1";"Niaogho";"Département";"BFA.3.1.9_1";"BF.CE.BL.NI"
"BFA";"Burkina Faso";"Centre-Est";"BFA.3_1";"Boulgou";"BFA.3.1_1";"Tenkodogo";"Département";"BFA.3.1.10_1";"BF.CE.BL.TE"
"BFA";"Burkina Faso";"Centre-Est";"BFA.3_1";"Boulgou";"BFA.3.1_1";"Zabré";"Département";"BFA.3.1.11_1";"BF.CE.BL.ZB"
"BFA";"Burkina Faso";"Centre-Est";"BFA.3_1";"Boulgou";"BFA.3.1_1";"Zoaga";"Département";"BFA.3.1.12_1";"BF.CE.BL.ZG"
"BFA";"Burkina Faso";"Centre-Est";"BFA.3_1";"Boulgou";"BFA.3.1_1";"Zonsé";"Département";"BFA.3.1.13_1";"BF.CE.BL.ZN"
"BFA";"Burkina Faso";"Centre-Est";"BFA.3_1";"Koulpélogo";"BFA.3.2_1";"Comin-Yanga";"Département";"BFA.3.2.1_1";"BF.CE.KL.CY"
"BFA";"Burkina Faso";"Centre-Est";"BFA.3_1";"Koulpélogo";"BFA.3.2_1";"Dourtenga";"Département";"BFA.3.2.2_1";"BF.CE.KL.DO"
"BFA";"Burkina Faso";"Centre-Est";"BFA.3_1";"Koulpélogo";"BFA.3.2_1";"Lalgaye";"Département";"BFA.3.2.3_1";"BF.CE.KL.LA"
"BFA";"Burkina Faso";"Centre-Est";"BFA.3_1";"Koulpélogo";"BFA.3.2_1";"Ouargaye";"Département";"BFA.3.2.4_1";"BF.CE.KL.OU"
"BFA";"Burkina Faso";"Centre-Est";"BFA.3_1";"Koulpélogo";"BFA.3.2_1";"Sangha";"Département";"BFA.3.2.5_1";"BF.CE.KL.SA"
"BFA";"Burkina Faso";"Centre-Est";"BFA.3_1";"Koulpélogo";"BFA.3.2_1";"Soudougui";"Département";"BFA.3.2.6_1";"BF.CE.KL.SO"
"BFA";"Burkina Faso";"Centre-Est";"BFA.3_1";"Koulpélogo";"BFA.3.2_1";"Yargatenga";"Département";"BFA.3.2.7_1";"BF.CE.KL.YA"
"BFA";"Burkina Faso";"Centre-Est";"BFA.3_1";"Koulpélogo";"BFA.3.2_1";"Yondé";"Département";"BFA.3.2.8_1";"BF.CE.KL.YO"
"BFA";"Burkina Faso";"Centre-Est";"BFA.3_1";"Kouritenga";"BFA.3.3_1";"Andemtenga";"Département";"BFA.3.3.1_1";"BF.CE.KR.AN"
"BFA";"Burkina Faso";"Centre-Est";"BFA.3_1";"Kouritenga";"BFA.3.3_1";"Baskouré";"Département";"BFA.3.3.2_1";"BF.CE.KR.BA"
"BFA";"Burkina Faso";"Centre-Est";"BFA.3_1";"Kouritenga";"BFA.3.3_1";"Dialgaye";"Département";"BFA.3.3.3_1";"BF.CE.KR.DI"
"BFA";"Burkina Faso";"Centre-Est";"BFA.3_1";"Kouritenga";"BFA.3.3_1";"Gounghin";"Département";"BFA.3.3.4_1";"BF.CE.KR.GO"
"BFA";"Burkina Faso";"Centre-Est";"BFA.3_1";"Kouritenga";"BFA.3.3_1";"Kando";"Département";"BFA.3.3.5_1";"BF.CE.KR.KA"
"BFA";"Burkina Faso";"Centre-Est";"BFA.3_1";"Kouritenga";"BFA.3.3_1";"Koupéla";"Département";"BFA.3.3.6_1";"BF.CE.KR.KO"
"BFA";"Burkina Faso";"Centre-Est";"BFA.3_1";"Kouritenga";"BFA.3.3_1";"Pouytenga";"Département";"BFA.3.3.7_1";"BF.CE.KR.PO"
"BFA";"Burkina Faso";"Centre-Est";"BFA.3_1";"Kouritenga";"BFA.3.3_1";"Tensobentenga";"Département";"BFA.3.3.8_1";"BF.CE.KR.TA"
"BFA";"Burkina Faso";"Centre-Est";"BFA.3_1";"Kouritenga";"BFA.3.3_1";"Yargo";"Département";"BFA.3.3.9_1";"BF.CE.KR.YA"
"BFA";"Burkina Faso";"Centre-Nord";"BFA.4_1";"Bam";"BFA.4.1_1";"Bourzanga";"Département";"BFA.4.1.1_1";"BF.CN.BM.BO"
"BFA";"Burkina Faso";"Centre-Nord";"BFA.4_1";"Bam";"BFA.4.1_1";"Guibare";"Département";"BFA.4.1.2_1";"BF.CN.BM.GU"
"BFA";"Burkina Faso";"Centre-Nord";"BFA.4_1";"Bam";"BFA.4.1_1";"Kongoussi";"Département";"BFA.4.1.3_1";"BF.CN.BM.KO"
"BFA";"Burkina Faso";"Centre-Nord";"BFA.4_1";"Bam";"BFA.4.1_1";"Nassere";"Département";"BFA.4.1.4_1";"BF.CN.BM.NA"
"BFA";"Burkina Faso";"Centre-Nord";"BFA.4_1";"Bam";"BFA.4.1_1";"Rollo";"Département";"BFA.4.1.5_1";"BF.CN.BM.RL"
"BFA";"Burkina Faso";"Centre-Nord";"BFA.4_1";"Bam";"BFA.4.1_1";"Rouko";"Département";"BFA.4.1.6_1";"BF.CN.BM.RK"
"BFA";"Burkina Faso";"Centre-Nord";"BFA.4_1";"Bam";"BFA.4.1_1";"Sabce";"Département";"BFA.4.1.7_1";"BF.CN.BM.SA"
"BFA";"Burkina Faso";"Centre-Nord";"BFA.4_1";"Bam";"BFA.4.1_1";"Tikare";"Département";"BFA.4.1.8_1";"BF.CN.BM.TI"
"BFA";"Burkina Faso";"Centre-Nord";"BFA.4_1";"Bam";"BFA.4.1_1";"Zimtenga";"Département";"BFA.4.1.9_1";"BF.CN.BM.ZI"
"BFA";"Burkina Faso";"Centre-Nord";"BFA.4_1";"Namentenga";"BFA.4.2_1";"Boala";"Département";"BFA.4.2.1_1";"BF.CN.NM.BA"
"BFA";"Burkina Faso";"Centre-Nord";"BFA.4_1";"Namentenga";"BFA.4.2_1";"Boulsa";"Département";"BFA.4.2.2_1";"BF.CN.NM.BS"
"BFA";"Burkina Faso";"Centre-Nord";"BFA.4_1";"Namentenga";"BFA.4.2_1";"Bouroum";"Département";"BFA.4.2.3_1";"BF.CN.NM.BR"
"BFA";"Burkina Faso";"Centre-Nord";"BFA.4_1";"Namentenga";"BFA.4.2_1";"Dargo";"Département";"BFA.4.2.4_1";"BF.CN.NM.DA"
"BFA";"Burkina Faso";"Centre-Nord";"BFA.4_1";"Namentenga";"BFA.4.2_1";"Nagbingou";"Département";"BFA.4.2.5_1";"BF.CN.NM.NA"
"BFA";"Burkina Faso";"Centre-Nord";"BFA.4_1";"Namentenga";"BFA.4.2_1";"Tougouri";"Département";"BFA.4.2.6_1";"BF.CN.NM.TO"
"BFA";"Burkina Faso";"Centre-Nord";"BFA.4_1";"Namentenga";"BFA.4.2_1";"Yalgo";"Département";"BFA.4.2.7_1";"BF.CN.NM.YA"
"BFA";"Burkina Faso";"Centre-Nord";"BFA.4_1";"Namentenga";"BFA.4.2_1";"Zeguedeguin";"Département";"BFA.4.2.8_1";"BF.CN.NM.ZE"
"BFA";"Burkina Faso";"Centre-Nord";"BFA.4_1";"Sanmatenga";"BFA.4.3_1";"Barsalogho";"Département";"BFA.4.3.1_1";"BF.CN.ST.BA"
"BFA";"Burkina Faso";"Centre-Nord";"BFA.4_1";"Sanmatenga";"BFA.4.3_1";"Boussouma";"Département";"BFA.4.3.2_1";"BF.CN.ST.BO"
"BFA";"Burkina Faso";"Centre-Nord";"BFA.4_1";"Sanmatenga";"BFA.4.3_1";"Dablo";"Département";"BFA.4.3.3_1";"BF.CN.ST.DA"
"BFA";"Burkina Faso";"Centre-Nord";"BFA.4_1";"Sanmatenga";"BFA.4.3_1";"Kaya";"Département";"BFA.4.3.4_1";"BF.CN.ST.KA"
"BFA";"Burkina Faso";"Centre-Nord";"BFA.4_1";"Sanmatenga";"BFA.4.3_1";"Korsimoro";"Département";"BFA.4.3.5_1";"BF.CN.ST.KO"
"BFA";"Burkina Faso";"Centre-Nord";"BFA.4_1";"Sanmatenga";"BFA.4.3_1";"Mane";"Département";"BFA.4.3.6_1";"BF.CN.ST.MA"
"BFA";"Burkina Faso";"Centre-Nord";"BFA.4_1";"Sanmatenga";"BFA.4.3_1";"Namissiguima";"Département";"BFA.4.3.7_1";"BF.CN.ST.NA"
"BFA";"Burkina Faso";"Centre-Nord";"BFA.4_1";"Sanmatenga";"BFA.4.3_1";"Pensa";"Département";"BFA.4.3.8_1";"BF.CN.ST.PN"
"BFA";"Burkina Faso";"Centre-Nord";"BFA.4_1";"Sanmatenga";"BFA.4.3_1";"Pibaore";"Département";"BFA.4.3.9_1";"BF.CN.ST.PB"
"BFA";"Burkina Faso";"Centre-Nord";"BFA.4_1";"Sanmatenga";"BFA.4.3_1";"Pissila";"Département";"BFA.4.3.10_1";"BF.CN.ST.PL"
"BFA";"Burkina Faso";"Centre-Nord";"BFA.4_1";"Sanmatenga";"BFA.4.3_1";"Ziga";"Département";"BFA.4.3.11_1";"BF.CN.ST.ZI"
"BFA";"Burkina Faso";"Centre-Ouest";"BFA.5_1";"Boulkiemdé";"BFA.5.1_1";"Bingo";"Département";"BFA.5.1.1_1";"BF.CO.BK.BI"
"BFA";"Burkina Faso";"Centre-Ouest";"BFA.5_1";"Boulkiemdé";"BFA.5.1_1";"Imasgho";"Département";"BFA.5.1.2_1";"BF.CO.BK.IM"
"BFA";"Burkina Faso";"Centre-Ouest";"BFA.5_1";"Boulkiemdé";"BFA.5.1_1";"Kindi";"Département";"BFA.5.1.3_1";"BF.CO.BK.KI"
"BFA";"Burkina Faso";"Centre-Ouest";"BFA.5_1";"Boulkiemdé";"BFA.5.1_1";"Kokologho";"Département";"BFA.5.1.4_1";"BF.CO.BK.KL"
"BFA";"Burkina Faso";"Centre-Ouest";"BFA.5_1";"Boulkiemdé";"BFA.5.1_1";"Koudougou";"Département";"BFA.5.1.5_1";"BF.CO.BK.KD"
"BFA";"Burkina Faso";"Centre-Ouest";"BFA.5_1";"Boulkiemdé";"BFA.5.1_1";"Nandiala";"Département";"BFA.5.1.6_1";"BF.CO.BK.NI"
"BFA";"Burkina Faso";"Centre-Ouest";"BFA.5_1";"Boulkiemdé";"BFA.5.1_1";"Nanoro";"Département";"BFA.5.1.7_1";"BF.CO.BK.NA"
"BFA";"Burkina Faso";"Centre-Ouest";"BFA.5_1";"Boulkiemdé";"BFA.5.1_1";"Pella";"Département";"BFA.5.1.8_1";"BF.CO.BK.PE"
"BFA";"Burkina Faso";"Centre-Ouest";"BFA.5_1";"Boulkiemdé";"BFA.5.1_1";"Poa";"Département";"BFA.5.1.9_1";"BF.CO.BK.PO"
"BFA";"Burkina Faso";"Centre-Ouest";"BFA.5_1";"Boulkiemdé";"BFA.5.1_1";"Ramongo";"Département";"BFA.5.1.10_1";"BF.CO.BK.RA"
"BFA";"Burkina Faso";"Centre-Ouest";"BFA.5_1";"Boulkiemdé";"BFA.5.1_1";"Sabou";"Département";"BFA.5.1.11_1";"BF.CO.BK.SB"
"BFA";"Burkina Faso";"Centre-Ouest";"BFA.5_1";"Boulkiemdé";"BFA.5.1_1";"Sigle";"Département";"BFA.5.1.12_1";"BF.CO.BK.SL"
"BFA";"Burkina Faso";"Centre-Ouest";"BFA.5_1";"Boulkiemdé";"BFA.5.1_1";"Soaw";"Département";"BFA.5.1.13_1";"BF.CO.BK.SW"
"BFA";"Burkina Faso";"Centre-Ouest";"BFA.5_1";"Boulkiemdé";"BFA.5.1_1";"Sourgou";"Département";"BFA.5.1.14_1";"BF.CO.BK.SR"
"BFA";"Burkina Faso";"Centre-Ouest";"BFA.5_1";"Boulkiemdé";"BFA.5.1_1";"Thyou";"Département";"BFA.5.1.15_1";"BF.CO.BK.TH"
"BFA";"Burkina Faso";"Centre-Ouest";"BFA.5_1";"Sanguié";"BFA.5.2_1";"Dassa";"Département";"BFA.5.2.1_1";"BF.CO.SG.DA"
"BFA";"Burkina Faso";"Centre-Ouest";"BFA.5_1";"Sanguié";"BFA.5.2_1";"Didyr";"Département";"BFA.5.2.2_1";"BF.CO.SG.DI"
"BFA";"Burkina Faso";"Centre-Ouest";"BFA.5_1";"Sanguié";"BFA.5.2_1";"Godyr";"Département";"BFA.5.2.3_1";"BF.CO.SG.GO"
"BFA";"Burkina Faso";"Centre-Ouest";"BFA.5_1";"Sanguié";"BFA.5.2_1";"Kordie";"Département";"BFA.5.2.4_1";"BF.CO.SG.KO"
"BFA";"Burkina Faso";"Centre-Ouest";"BFA.5_1";"Sanguié";"BFA.5.2_1";"Kyon";"Département";"BFA.5.2.5_1";"BF.CO.SG.KY"
"BFA";"Burkina Faso";"Centre-Ouest";"BFA.5_1";"Sanguié";"BFA.5.2_1";"Pouni";"Département";"BFA.5.2.6_1";"BF.CO.SG.PO"
"BFA";"Burkina Faso";"Centre-Ouest";"BFA.5_1";"Sanguié";"BFA.5.2_1";"Réo";"Département";"BFA.5.2.7_1";"BF.CO.SG.RE"
"BFA";"Burkina Faso";"Centre-Ouest";"BFA.5_1";"Sanguié";"BFA.5.2_1";"Tenado";"Département";"BFA.5.2.8_1";"BF.CO.SG.TE"
"BFA";"Burkina Faso";"Centre-Ouest";"BFA.5_1";"Sanguié";"BFA.5.2_1";"Zamo";"Département";"BFA.5.2.9_1";"BF.CO.SG.ZM"
"BFA";"Burkina Faso";"Centre-Ouest";"BFA.5_1";"Sanguié";"BFA.5.2_1";"Zawara";"Département";"BFA.5.2.10_1";"BF.CO.SG.ZW"
"BFA";"Burkina Faso";"Centre-Ouest";"BFA.5_1";"Sissili";"BFA.5.3_1";"Bieha";"Département";"BFA.5.3.1_1";"BF.CO.SS.BI"
"BFA";"Burkina Faso";"Centre-Ouest";"BFA.5_1";"Sissili";"BFA.5.3_1";"Boura";"Département";"BFA.5.3.2_1";"BF.CO.SS.BO"
"BFA";"Burkina Faso";"Centre-Ouest";"BFA.5_1";"Sissili";"BFA.5.3_1";"Leo";"Département";"BFA.5.3.3_1";"BF.CO.SS.LE"
"BFA";"Burkina Faso";"Centre-Ouest";"BFA.5_1";"Sissili";"BFA.5.3_1";"Nebielianayou";"Département";"BFA.5.3.4_1";"BF.CO.SS.NE"
"BFA";"Burkina Faso";"Centre-Ouest";"BFA.5_1";"Sissili";"BFA.5.3_1";"Niabouri";"Département";"BFA.5.3.5_1";"BF.CO.SS.NI"
"BFA";"Burkina Faso";"Centre-Ouest";"BFA.5_1";"Sissili";"BFA.5.3_1";"Silly";"Département";"BFA.5.3.6_1";"BF.CO.SS.SI"
"BFA";"Burkina Faso";"Centre-Ouest";"BFA.5_1";"Sissili";"BFA.5.3_1";"Tô";"Département";"BFA.5.3.7_1";"BF.CO.SS.TO"
"BFA";"Burkina Faso";"Centre-Ouest";"BFA.5_1";"Ziro";"BFA.5.4_1";"Bakata";"Département";"BFA.5.4.1_1";"BF.CO.ZR.BA"
"BFA";"Burkina Faso";"Centre-Ouest";"BFA.5_1";"Ziro";"BFA.5.4_1";"Bougnounou";"Département";"BFA.5.4.2_1";"BF.CO.ZR.BO"
"BFA";"Burkina Faso";"Centre-Ouest";"BFA.5_1";"Ziro";"BFA.5.4_1";"Cassou";"Département";"BFA.5.4.3_1";"BF.CO.ZR.CA"
"BFA";"Burkina Faso";"Centre-Ouest";"BFA.5_1";"Ziro";"BFA.5.4_1";"Dalo";"Département";"BFA.5.4.4_1";"BF.CO.ZR.DA"
"BFA";"Burkina Faso";"Centre-Ouest";"BFA.5_1";"Ziro";"BFA.5.4_1";"Gao";"Département";"BFA.5.4.5_1";"BF.CO.ZR.GA"
"BFA";"Burkina Faso";"Centre-Ouest";"BFA.5_1";"Ziro";"BFA.5.4_1";"Sapouy";"Département";"BFA.5.4.6_1";"BF.CO.ZR.SA"
"BFA";"Burkina Faso";"Centre-Sud";"BFA.6_1";"Bazèga";"BFA.6.1_1";"Doulougou";"Département";"BFA.6.1.1_1";"BF.CS.BZ.DO"
"BFA";"Burkina Faso";"Centre-Sud";"BFA.6_1";"Bazèga";"BFA.6.1_1";"Gaongo";"Département";"BFA.6.1.2_1";"BF.CS.BZ.GA"
"BFA";"Burkina Faso";"Centre-Sud";"BFA.6_1";"Bazèga";"BFA.6.1_1";"Ipelce";"Département";"BFA.6.1.3_1";"BF.CS.BZ.IP"
"BFA";"Burkina Faso";"Centre-Sud";"BFA.6_1";"Bazèga";"BFA.6.1_1";"Kayao";"Département";"BFA.6.1.4_1";"BF.CS.BZ.KA"
"BFA";"Burkina Faso";"Centre-Sud";"BFA.6_1";"Bazèga";"BFA.6.1_1";"Kombissiri";"Département";"BFA.6.1.5_1";"BF.CS.BZ.KO"
"BFA";"Burkina Faso";"Centre-Sud";"BFA.6_1";"Bazèga";"BFA.6.1_1";"Sapone";"Département";"BFA.6.1.6_1";"BF.CS.BZ.SA"
"BFA";"Burkina Faso";"Centre-Sud";"BFA.6_1";"Bazèga";"BFA.6.1_1";"Toece";"Département";"BFA.6.1.7_1";"BF.CS.BZ.TO"
"BFA";"Burkina Faso";"Centre-Sud";"BFA.6_1";"Nahouri";"BFA.6.2_1";"Guiaro";"Département";"BFA.6.2.1_1";"BF.CS.NR.GU"
"BFA";"Burkina Faso";"Centre-Sud";"BFA.6_1";"Nahouri";"BFA.6.2_1";"Pô";"Département";"BFA.6.2.2_1";"BF.CS.NR.PO"
"BFA";"Burkina Faso";"Centre-Sud";"BFA.6_1";"Nahouri";"BFA.6.2_1";"Tiébélé";"Département";"BFA.6.2.3_1";"BF.CS.NR.TI"
"BFA";"Burkina Faso";"Centre-Sud";"BFA.6_1";"Nahouri";"BFA.6.2_1";"Zecco";"Département";"BFA.6.2.4_1";"BF.CS.NR.ZE"
"BFA";"Burkina Faso";"Centre-Sud";"BFA.6_1";"Nahouri";"BFA.6.2_1";"Ziou";"Département";"BFA.6.2.5_1";"BF.CS.NR.ZI"
"BFA";"Burkina Faso";"Centre-Sud";"BFA.6_1";"Zoundwéogo";"BFA.6.3_1";"Bere";"Département";"BFA.6.3.1_1";"BF.CS.ZW.BE"
"BFA";"Burkina Faso";"Centre-Sud";"BFA.6_1";"Zoundwéogo";"BFA.6.3_1";"Binde";"Département";"BFA.6.3.2_1";"BF.CS.ZW.BI"
"BFA";"Burkina Faso";"Centre-Sud";"BFA.6_1";"Zoundwéogo";"BFA.6.3_1";"Gogo";"Département";"BFA.6.3.3_1";"BF.CS.ZW.GG"
"BFA";"Burkina Faso";"Centre-Sud";"BFA.6_1";"Zoundwéogo";"BFA.6.3_1";"Gomboussougou";"Département";"BFA.6.3.4_1";"BF.CS.ZW.GM"
"BFA";"Burkina Faso";"Centre-Sud";"BFA.6_1";"Zoundwéogo";"BFA.6.3_1";"Guiba";"Département";"BFA.6.3.5_1";"BF.CS.ZW.GU"
"BFA";"Burkina Faso";"Centre-Sud";"BFA.6_1";"Zoundwéogo";"BFA.6.3_1";"Manga";"Département";"BFA.6.3.6_1";"BF.CS.ZW.MA"
"BFA";"Burkina Faso";"Centre-Sud";"BFA.6_1";"Zoundwéogo";"BFA.6.3_1";"Nobere";"Département";"BFA.6.3.7_1";"BF.CS.ZW.NO"
"BFA";"Burkina Faso";"Est";"BFA.8_1";"Gnagna";"BFA.8.1_1";"Bilanga";"Département";"BFA.8.1.1_1";"BF.ES.GG.BI"
"BFA";"Burkina Faso";"Est";"BFA.8_1";"Gnagna";"BFA.8.1_1";"Bogandé";"Département";"BFA.8.1.2_1";"BF.ES.GG.BO"
"BFA";"Burkina Faso";"Est";"BFA.8_1";"Gnagna";"BFA.8.1_1";"Koalla";"Département";"BFA.8.1.3_1";"BF.ES.GG.CO"
"BFA";"Burkina Faso";"Est";"BFA.8_1";"Gnagna";"BFA.8.1_1";"Liptougou";"Département";"BFA.8.1.4_1";"BF.ES.GG.LI"
"BFA";"Burkina Faso";"Est";"BFA.8_1";"Gnagna";"BFA.8.1_1";"Mani";"Département";"BFA.8.1.5_1";"BF.ES.GG.MA"
"BFA";"Burkina Faso";"Est";"BFA.8_1";"Gnagna";"BFA.8.1_1";"Piéla";"Département";"BFA.8.1.6_1";"BF.ES.GG.PI"
"BFA";"Burkina Faso";"Est";"BFA.8_1";"Gnagna";"BFA.8.1_1";"Thion";"Département";"BFA.8.1.7_1";"BF.ES.GG.TH"
"BFA";"Burkina Faso";"Est";"BFA.8_1";"Gourma";"BFA.8.2_1";"Diabo";"Département";"BFA.8.2.1_1";"BF.ES.GM.DB"
"BFA";"Burkina Faso";"Est";"BFA.8_1";"Gourma";"BFA.8.2_1";"Diapangou";"Département";"BFA.8.2.2_1";"BF.ES.GM.DP"
"BFA";"Burkina Faso";"Est";"BFA.8_1";"Gourma";"BFA.8.2_1";"Fada N'gourma";"Département";"BFA.8.2.3_1";"BF.ES.GM.FN"
"BFA";"Burkina Faso";"Est";"BFA.8_1";"Gourma";"BFA.8.2_1";"Matiacoali";"Département";"BFA.8.2.4_1";"BF.ES.GM.MA"
"BFA";"Burkina Faso";"Est";"BFA.8_1";"Gourma";"BFA.8.2_1";"Tibga";"Département";"BFA.8.2.5_1";"BF.ES.GM.TI"
"BFA";"Burkina Faso";"Est";"BFA.8_1";"Gourma";"BFA.8.2_1";"Yamba";"Département";"BFA.8.2.6_1";"BF.ES.GM.YA"
"BFA";"Burkina Faso";"Est";"BFA.8_1";"Komandjoari";"BFA.8.3_1";"Bartiébougou";"Département";"BFA.8.3.1_1";"BF.ES.KJ.BA"
"BFA";"Burkina Faso";"Est";"BFA.8_1";"Komandjoari";"BFA.8.3_1";"Foutouri";"Département";"BFA.8.3.2_1";"BF.ES.KJ.FO"
"BFA";"Burkina Faso";"Est";"BFA.8_1";"Komandjoari";"BFA.8.3_1";"Gayéri";"Département";"BFA.8.3.3_1";"BF.ES.KJ.GA"
"BFA";"Burkina Faso";"Est";"BFA.8_1";"Kompienga";"BFA.8.4_1";"Kompienga";"Département";"BFA.8.4.1_1";"BF.ES.KP.KO"
"BFA";"Burkina Faso";"Est";"BFA.8_1";"Kompienga";"BFA.8.4_1";"Madjoari";"Département";"BFA.8.4.2_1";"BF.ES.KP.MA"
"BFA";"Burkina Faso";"Est";"BFA.8_1";"Kompienga";"BFA.8.4_1";"Pama";"Département";"BFA.8.4.3_1";"BF.ES.KP.PA"
"BFA";"Burkina Faso";"Est";"BFA.8_1";"Tapoa";"BFA.8.5_1";"Botou";"Département";"BFA.8.5.1_1";"BF.ES.TA.BO"
"BFA";"Burkina Faso";"Est";"BFA.8_1";"Tapoa";"BFA.8.5_1";"Diapaga";"Département";"BFA.8.5.2_1";"BF.ES.TA.DI"
"BFA";"Burkina Faso";"Est";"BFA.8_1";"Tapoa";"BFA.8.5_1";"Kantchari";"Département";"BFA.8.5.3_1";"BF.ES.TA.KA"
"BFA";"Burkina Faso";"Est";"BFA.8_1";"Tapoa";"BFA.8.5_1";"Logobou";"Département";"BFA.8.5.4_1";"BF.ES.TA.LO"
"BFA";"Burkina Faso";"Est";"BFA.8_1";"Tapoa";"BFA.8.5_1";"Namounou";"Département";"BFA.8.5.5_1";"BF.ES.TA.NA"
"BFA";"Burkina Faso";"Est";"BFA.8_1";"Tapoa";"BFA.8.5_1";"Partiaga";"Département";"BFA.8.5.6_1";"BF.ES.TA.PA"
"BFA";"Burkina Faso";"Est";"BFA.8_1";"Tapoa";"BFA.8.5_1";"Tambaga";"Département";"BFA.8.5.7_1";"BF.ES.TA.TB"
"BFA";"Burkina Faso";"Est";"BFA.8_1";"Tapoa";"BFA.8.5_1";"Tansarga";"Département";"BFA.8.5.8_1";"BF.ES.TA.TS"
"BFA";"Burkina Faso";"Haut-Bassins";"BFA.9_1";"Houet";"BFA.9.1_1";"Bama";"Département";"BFA.9.1.1_1";"BF.HB.HO.BM"
"BFA";"Burkina Faso";"Haut-Bassins";"BFA.9_1";"Houet";"BFA.9.1_1";"Bobo-Dioulasso";"Département";"BFA.9.1.2_1";"BF.HB.HO.BD"
"BFA";"Burkina Faso";"Haut-Bassins";"BFA.9_1";"Houet";"BFA.9.1_1";"Dandé";"Département";"BFA.9.1.3_1";"BF.HB.HO.DA"
"BFA";"Burkina Faso";"Haut-Bassins";"BFA.9_1";"Houet";"BFA.9.1_1";"Faramana";"Département";"BFA.9.1.4_1";"BF.HB.HO.FA"
"BFA";"Burkina Faso";"Haut-Bassins";"BFA.9_1";"Houet";"BFA.9.1_1";"Fo";"Département";"BFA.9.1.5_1";"BF.HB.HO.FO"
"BFA";"Burkina Faso";"Haut-Bassins";"BFA.9_1";"Houet";"BFA.9.1_1";"Karankasso-Sambla";"Département";"BFA.9.1.6_1";"BF.HB.HO.KS"
"BFA";"Burkina Faso";"Haut-Bassins";"BFA.9_1";"Houet";"BFA.9.1_1";"Karankasso-Vigué";"Département";"BFA.9.1.7_1";"BF.HB.HO.KV"
"BFA";"Burkina Faso";"Haut-Bassins";"BFA.9_1";"Houet";"BFA.9.1_1";"Koundougou";"Département";"BFA.9.1.8_1";"BF.HB.HO.KD"
"BFA";"Burkina Faso";"Haut-Bassins";"BFA.9_1";"Houet";"BFA.9.1_1";"Lena";"Département";"BFA.9.1.9_1";"BF.HB.HO.LE"
"BFA";"Burkina Faso";"Haut-Bassins";"BFA.9_1";"Houet";"BFA.9.1_1";"Padéma";"Département";"BFA.9.1.10_1";"BF.HB.HO.PA"
"BFA";"Burkina Faso";"Haut-Bassins";"BFA.9_1";"Houet";"BFA.9.1_1";"Peni";"Département";"BFA.9.1.11_1";"BF.HB.HO.PE"
"BFA";"Burkina Faso";"Haut-Bassins";"BFA.9_1";"Houet";"BFA.9.1_1";"Satiri";"Département";"BFA.9.1.12_1";"BF.HB.HO.SA"
"BFA";"Burkina Faso";"Haut-Bassins";"BFA.9_1";"Houet";"BFA.9.1_1";"Toussiana";"Département";"BFA.9.1.13_1";"BF.HB.HO.TO"
"BFA";"Burkina Faso";"Haut-Bassins";"BFA.9_1";"Kénédougou";"BFA.9.2_1";"Banzon";"Département";"BFA.9.2.1_1";"BF.HB.KN.BA"
"BFA";"Burkina Faso";"Haut-Bassins";"BFA.9_1";"Kénédougou";"BFA.9.2_1";"Djigouera";"Département";"BFA.9.2.2_1";"BF.HB.KN.DJ"
"BFA";"Burkina Faso";"Haut-Bassins";"BFA.9_1";"Kénédougou";"BFA.9.2_1";"Kangala";"Département";"BFA.9.2.3_1";"BF.HB.KN.KG"
"BFA";"Burkina Faso";"Haut-Bassins";"BFA.9_1";"Kénédougou";"BFA.9.2_1";"Kayan";"Département";"BFA.9.2.4_1";"BF.HB.KN.KY"
"BFA";"Burkina Faso";"Haut-Bassins";"BFA.9_1";"Kénédougou";"BFA.9.2_1";"Koloko";"Département";"BFA.9.2.5_1";"BF.HB.KN.KK"
"BFA";"Burkina Faso";"Haut-Bassins";"BFA.9_1";"Kénédougou";"BFA.9.2_1";"Kourinion";"Département";"BFA.9.2.6_1";"BF.HB.KN.KN"
"BFA";"Burkina Faso";"Haut-Bassins";"BFA.9_1";"Kénédougou";"BFA.9.2_1";"Kourouma";"Département";"BFA.9.2.7_1";"BF.HB.KN.KM"
"BFA";"Burkina Faso";"Haut-Bassins";"BFA.9_1";"Kénédougou";"BFA.9.2_1";"Morolaba";"Département";"BFA.9.2.8_1";"BF.HB.KN.MO"
"BFA";"Burkina Faso";"Haut-Bassins";"BFA.9_1";"Kénédougou";"BFA.9.2_1";"N'dorola";"Département";"BFA.9.2.9_1";"BF.HB.KN.ND"
"BFA";"Burkina Faso";"Haut-Bassins";"BFA.9_1";"Kénédougou";"BFA.9.2_1";"Orodara";"Département";"BFA.9.2.10_1";"BF.HB.KN.OR"
"BFA";"Burkina Faso";"Haut-Bassins";"BFA.9_1";"Kénédougou";"BFA.9.2_1";"Samogohiri";"Département";"BFA.9.2.11_1";"BF.HB.KN.SH"
"BFA";"Burkina Faso";"Haut-Bassins";"BFA.9_1";"Kénédougou";"BFA.9.2_1";"Samorogouan";"Département";"BFA.9.2.12_1";"BF.HB.KN.SR"
"BFA";"Burkina Faso";"Haut-Bassins";"BFA.9_1";"Kénédougou";"BFA.9.2_1";"Sindo";"Département";"BFA.9.2.13_1";"BF.HB.KN.SD"
"BFA";"Burkina Faso";"Haut-Bassins";"BFA.9_1";"Tuy";"BFA.9.3_1";"Bekuy";"Département";"BFA.9.3.1_1";"BF.HB.TU.BK"
"BFA";"Burkina Faso";"Haut-Bassins";"BFA.9_1";"Tuy";"BFA.9.3_1";"Bereba";"Département";"BFA.9.3.2_1";"BF.HB.TU.BR"
"BFA";"Burkina Faso";"Haut-Bassins";"BFA.9_1";"Tuy";"BFA.9.3_1";"Boni";"Département";"BFA.9.3.3_1";"BF.HB.TU.BN"
"BFA";"Burkina Faso";"Haut-Bassins";"BFA.9_1";"Tuy";"BFA.9.3_1";"Founzan";"Département";"BFA.9.3.4_1";"BF.HB.TU.FO"
"BFA";"Burkina Faso";"Haut-Bassins";"BFA.9_1";"Tuy";"BFA.9.3_1";"Houndé";"Département";"BFA.9.3.5_1";"BF.HB.TU.HO"
"BFA";"Burkina Faso";"Haut-Bassins";"BFA.9_1";"Tuy";"BFA.9.3_1";"Koti";"Département";"BFA.9.3.6_1";"BF.HB.TU.KT"
"BFA";"Burkina Faso";"Haut-Bassins";"BFA.9_1";"Tuy";"BFA.9.3_1";"Koumbia";"Département";"BFA.9.3.7_1";"BF.HB.TU.KB"
"BFA";"Burkina Faso";"Nord";"BFA.10_1";"Loroum";"BFA.10.1_1";"Banh";"Département";"BFA.10.1.1_1";"BF.NO.LO.BA"
"BFA";"Burkina Faso";"Nord";"BFA.10_1";"Loroum";"BFA.10.1_1";"Ouindigui";"Département";"BFA.10.1.2_1";"BF.NO.LO.OU"
"BFA";"Burkina Faso";"Nord";"BFA.10_1";"Loroum";"BFA.10.1_1";"Solle";"Département";"BFA.10.1.3_1";"BF.NO.LO.SO"
"BFA";"Burkina Faso";"Nord";"BFA.10_1";"Loroum";"BFA.10.1_1";"Titao";"Département";"BFA.10.1.4_1";"BF.NO.LO.TI"
"BFA";"Burkina Faso";"Nord";"BFA.10_1";"Passoré";"BFA.10.2_1";"Arbolle";"Département";"BFA.10.2.1_1";"BF.NO.PA.AR"
"BFA";"Burkina Faso";"Nord";"BFA.10_1";"Passoré";"BFA.10.2_1";"Bagare";"Département";"BFA.10.2.2_1";"BF.NO.PA.BA"
"BFA";"Burkina Faso";"Nord";"BFA.10_1";"Passoré";"BFA.10.2_1";"Bokin";"Département";"BFA.10.2.3_1";"BF.NO.PA.BO"
"BFA";"Burkina Faso";"Nord";"BFA.10_1";"Passoré";"BFA.10.2_1";"Gomponsom";"Département";"BFA.10.2.4_1";"BF.NO.PA.GO"
"BFA";"Burkina Faso";"Nord";"BFA.10_1";"Passoré";"BFA.10.2_1";"Kirsi";"Département";"BFA.10.2.5_1";"BF.NO.PA.KI"
"BFA";"Burkina Faso";"Nord";"BFA.10_1";"Passoré";"BFA.10.2_1";"Lâ-Todin";"Département";"BFA.10.2.6_1";"BF.NO.PA.LT"
"BFA";"Burkina Faso";"Nord";"BFA.10_1";"Passoré";"BFA.10.2_1";"Pilimpikou";"Département";"BFA.10.2.7_1";"BF.NO.PA.PI"
"BFA";"Burkina Faso";"Nord";"BFA.10_1";"Passoré";"BFA.10.2_1";"Samba";"Département";"BFA.10.2.8_1";"BF.NO.PA.SA"
"BFA";"Burkina Faso";"Nord";"BFA.10_1";"Passoré";"BFA.10.2_1";"Yako";"Département";"BFA.10.2.9_1";"BF.NO.PA.YA"
"BFA";"Burkina Faso";"Nord";"BFA.10_1";"Yatenga";"BFA.10.3_1";"Barga";"Département";"BFA.10.3.1_1";"BF.NO.YT.BA"
"BFA";"Burkina Faso";"Nord";"BFA.10_1";"Yatenga";"BFA.10.3_1";"Kaïn";"Département";"BFA.10.3.2_1";"BF.NO.YT.KN"
"BFA";"Burkina Faso";"Nord";"BFA.10_1";"Yatenga";"BFA.10.3_1";"Kalsaka";"Département";"BFA.10.3.3_1";"BF.NO.YT.KL"
"BFA";"Burkina Faso";"Nord";"BFA.10_1";"Yatenga";"BFA.10.3_1";"Kossouka";"Département";"BFA.10.3.4_1";"BF.NO.YT.KS"
"BFA";"Burkina Faso";"Nord";"BFA.10_1";"Yatenga";"BFA.10.3_1";"Koumbri";"Département";"BFA.10.3.5_1";"BF.NO.YT.KM"
"BFA";"Burkina Faso";"Nord";"BFA.10_1";"Yatenga";"BFA.10.3_1";"Namissiguima";"Département";"BFA.10.3.6_1";"BF.NO.YT.NA"
"BFA";"Burkina Faso";"Nord";"BFA.10_1";"Yatenga";"BFA.10.3_1";"Ouahigouya";"Département";"BFA.10.3.7_1";"BF.NO.YT.OG"
"BFA";"Burkina Faso";"Nord";"BFA.10_1";"Yatenga";"BFA.10.3_1";"Oula";"Département";"BFA.10.3.8_1";"BF.NO.YT.OL"
"BFA";"Burkina Faso";"Nord";"BFA.10_1";"Yatenga";"BFA.10.3_1";"Rambo";"Département";"BFA.10.3.9_1";"BF.NO.YT.RA"
"BFA";"Burkina Faso";"Nord";"BFA.10_1";"Yatenga";"BFA.10.3_1";"Seguenega";"Département";"BFA.10.3.10_1";"BF.NO.YT.SE"
"BFA";"Burkina Faso";"Nord";"BFA.10_1";"Yatenga";"BFA.10.3_1";"Tangaye";"Département";"BFA.10.3.11_1";"BF.NO.YT.TA"
"BFA";"Burkina Faso";"Nord";"BFA.10_1";"Yatenga";"BFA.10.3_1";"Thiou";"Département";"BFA.10.3.12_1";"BF.NO.YT.TH"
"BFA";"Burkina Faso";"Nord";"BFA.10_1";"Yatenga";"BFA.10.3_1";"Zogore";"Département";"BFA.10.3.13_1";"BF.NO.YT.ZO"
"BFA";"Burkina Faso";"Nord";"BFA.10_1";"Zondoma";"BFA.10.4_1";"Bassi";"Département";"BFA.10.4.1_1";"BF.NO.ZM.BA"
"BFA";"Burkina Faso";"Nord";"BFA.10_1";"Zondoma";"BFA.10.4_1";"Boussou";"Département";"BFA.10.4.2_1";"BF.NO.ZM.BO"
"BFA";"Burkina Faso";"Nord";"BFA.10_1";"Zondoma";"BFA.10.4_1";"Gourcy";"Département";"BFA.10.4.3_1";"BF.NO.ZM.GO"
"BFA";"Burkina Faso";"Nord";"BFA.10_1";"Zondoma";"BFA.10.4_1";"Léba";"Département";"BFA.10.4.4_1";"BF.NO.ZM.LE"
"BFA";"Burkina Faso";"Nord";"BFA.10_1";"Zondoma";"BFA.10.4_1";"Tougo";"Département";"BFA.10.4.5_1";"BF.NO.ZM.TO"
"BFA";"Burkina Faso";"Plateau-Central";"BFA.11_1";"Ganzourgou";"BFA.11.1_1";"Boudry";"Département";"BFA.11.1.1_1";"BF.PC.GZ.BO"
"BFA";"Burkina Faso";"Plateau-Central";"BFA.11_1";"Ganzourgou";"BFA.11.1_1";"Kogho";"Département";"BFA.11.1.2_1";"BF.PC.GZ.KO"
"BFA";"Burkina Faso";"Plateau-Central";"BFA.11_1";"Ganzourgou";"BFA.11.1_1";"Méguet";"Département";"BFA.11.1.3_1";"BF.PC.GZ.ME"
"BFA";"Burkina Faso";"Plateau-Central";"BFA.11_1";"Ganzourgou";"BFA.11.1_1";"Mogtédo";"Département";"BFA.11.1.4_1";"BF.PC.GZ.MO"
"BFA";"Burkina Faso";"Plateau-Central";"BFA.11_1";"Ganzourgou";"BFA.11.1_1";"Salogo";"Département";"BFA.11.1.5_1";"BF.PC.GZ.SA"
"BFA";"Burkina Faso";"Plateau-Central";"BFA.11_1";"Ganzourgou";"BFA.11.1_1";"Zam";"Département";"BFA.11.1.6_1";"BF.PC.GZ.ZM"
"BFA";"Burkina Faso";"Plateau-Central";"BFA.11_1";"Ganzourgou";"BFA.11.1_1";"Zorgho";"Département";"BFA.11.1.7_1";"BF.PC.GZ.ZR"
"BFA";"Burkina Faso";"Plateau-Central";"BFA.11_1";"Ganzourgou";"BFA.11.1_1";"Zoungou";"Département";"BFA.11.1.8_1";"BF.PC.GZ.ZN"
"BFA";"Burkina Faso";"Plateau-Central";"BFA.11_1";"Kourwéogo";"BFA.11.2_1";"Boussé";"Département";"BFA.11.2.1_1";"BF.PC.KW.BO"
"BFA";"Burkina Faso";"Plateau-Central";"BFA.11_1";"Kourwéogo";"BFA.11.2_1";"Laye";"Département";"BFA.11.2.2_1";"BF.PC.KW.LA"
"BFA";"Burkina Faso";"Plateau-Central";"BFA.11_1";"Kourwéogo";"BFA.11.2_1";"Niou";"Département";"BFA.11.2.3_1";"BF.PC.KW.NI"
"BFA";"Burkina Faso";"Plateau-Central";"BFA.11_1";"Kourwéogo";"BFA.11.2_1";"Sourgoubila";"Département";"BFA.11.2.4_1";"BF.PC.KW.SO"
"BFA";"Burkina Faso";"Plateau-Central";"BFA.11_1";"Kourwéogo";"BFA.11.2_1";"Toéghin";"Département";"BFA.11.2.5_1";"BF.PC.KW.TO"
"BFA";"Burkina Faso";"Plateau-Central";"BFA.11_1";"Oubritenga";"BFA.11.3_1";"Absouya";"Département";"BFA.11.3.1_1";"BF.PC.OB.AB"
"BFA";"Burkina Faso";"Plateau-Central";"BFA.11_1";"Oubritenga";"BFA.11.3_1";"Dapélogo";"Département";"BFA.11.3.2_1";"BF.PC.OB.DA"
"BFA";"Burkina Faso";"Plateau-Central";"BFA.11_1";"Oubritenga";"BFA.11.3_1";"Loumbila";"Département";"BFA.11.3.3_1";"BF.PC.OB.LO"
"BFA";"Burkina Faso";"Plateau-Central";"BFA.11_1";"Oubritenga";"BFA.11.3_1";"Nagreongo";"Département";"BFA.11.3.4_1";"BF.PC.OB.NA"
"BFA";"Burkina Faso";"Plateau-Central";"BFA.11_1";"Oubritenga";"BFA.11.3_1";"Ourgou-Manega";"Département";"BFA.11.3.5_1";"BF.PC.OB.OM"
"BFA";"Burkina Faso";"Plateau-Central";"BFA.11_1";"Oubritenga";"BFA.11.3_1";"Ziniare";"Département";"BFA.11.3.6_1";"BF.PC.OB.ZN"
"BFA";"Burkina Faso";"Plateau-Central";"BFA.11_1";"Oubritenga";"BFA.11.3_1";"Zitenga";"Département";"BFA.11.3.7_1";"BF.PC.OB.ZT"
"BFA";"Burkina Faso";"Sahel";"BFA.12_1";"Oudalan";"BFA.12.1_1";"Deou";"Département";"BFA.12.1.1_1";"BF.SA.OD.DE"
"BFA";"Burkina Faso";"Sahel";"BFA.12_1";"Oudalan";"BFA.12.1_1";"Gorom-Gorom";"Département";"BFA.12.1.2_1";"BF.SA.OD.GG"
"BFA";"Burkina Faso";"Sahel";"BFA.12_1";"Oudalan";"BFA.12.1_1";"Markoye";"Département";"BFA.12.1.3_1";"BF.SA.OD.MA"
"BFA";"Burkina Faso";"Sahel";"BFA.12_1";"Oudalan";"BFA.12.1_1";"Oursi";"Département";"BFA.12.1.4_1";"BF.SA.OD.OU"
"BFA";"Burkina Faso";"Sahel";"BFA.12_1";"Oudalan";"BFA.12.1_1";"Tin-Akoff";"Département";"BFA.12.1.5_1";"BF.SA.OD.TI"
"BFA";"Burkina Faso";"Sahel";"BFA.12_1";"Séno";"BFA.12.2_1";"Bani";"Département";"BFA.12.2.1_1";"BF.SA.SE.BA"
"BFA";"Burkina Faso";"Sahel";"BFA.12_1";"Séno";"BFA.12.2_1";"Dori";"Département";"BFA.12.2.2_1";"BF.SA.SE.DO"
"BFA";"Burkina Faso";"Sahel";"BFA.12_1";"Séno";"BFA.12.2_1";"Falagountou";"Département";"BFA.12.2.3_1";"BF.SA.SE.FA"
"BFA";"Burkina Faso";"Sahel";"BFA.12_1";"Séno";"BFA.12.2_1";"Gorgadji";"Département";"BFA.12.2.4_1";"BF.SA.SE.GO"
"BFA";"Burkina Faso";"Sahel";"BFA.12_1";"Séno";"BFA.12.2_1";"Sampelga";"Département";"BFA.12.2.5_1";"BF.SA.SE.SA"
"BFA";"Burkina Faso";"Sahel";"BFA.12_1";"Séno";"BFA.12.2_1";"Seytenga";"Département";"BFA.12.2.6_1";"BF.SA.SE.SE"
"BFA";"Burkina Faso";"Sahel";"BFA.12_1";"Soum";"BFA.12.3_1";"Aribinda";"Département";"BFA.12.3.1_1";"BF.SA.SM.AR"
"BFA";"Burkina Faso";"Sahel";"BFA.12_1";"Soum";"BFA.12.3_1";"Baraboule";"Département";"BFA.12.3.2_1";"BF.SA.SM.BA"
"BFA";"Burkina Faso";"Sahel";"BFA.12_1";"Soum";"BFA.12.3_1";"Diguel";"Département";"BFA.12.3.3_1";"BF.SA.SM.DG"
"BFA";"Burkina Faso";"Sahel";"BFA.12_1";"Soum";"BFA.12.3_1";"Djibo";"Département";"BFA.12.3.4_1";"BF.SA.SM.DB"
"BFA";"Burkina Faso";"Sahel";"BFA.12_1";"Soum";"BFA.12.3_1";"Kelbo";"Département";"BFA.12.3.5_1";"BF.SA.SM.KE"
"BFA";"Burkina Faso";"Sahel";"BFA.12_1";"Soum";"BFA.12.3_1";"Koutougou";"Département";"BFA.12.3.6_1";"BF.SA.SM.KO"
"BFA";"Burkina Faso";"Sahel";"BFA.12_1";"Soum";"BFA.12.3_1";"Nassoumbou";"Département";"BFA.12.3.7_1";"BF.SA.SM.NA"
"BFA";"Burkina Faso";"Sahel";"BFA.12_1";"Soum";"BFA.12.3_1";"Pobe-Mengao";"Département";"BFA.12.3.8_1";"BF.SA.SM.PM"
"BFA";"Burkina Faso";"Sahel";"BFA.12_1";"Soum";"BFA.12.3_1";"Tongomayel";"Département";"BFA.12.3.9_1";"BF.SA.SM.TO"
"BFA";"Burkina Faso";"Sahel";"BFA.12_1";"Yagha";"BFA.12.4_1";"Boundore";"Département";"BFA.12.4.1_1";"BF.SA.YG.BO"
"BFA";"Burkina Faso";"Sahel";"BFA.12_1";"Yagha";"BFA.12.4_1";"Mansila";"Département";"BFA.12.4.2_1";"BF.SA.YG.MA"
"BFA";"Burkina Faso";"Sahel";"BFA.12_1";"Yagha";"BFA.12.4_1";"Sebba";"Département";"BFA.12.4.3_1";"BF.SA.YG.SE"
"BFA";"Burkina Faso";"Sahel";"BFA.12_1";"Yagha";"BFA.12.4_1";"Solhan";"Département";"BFA.12.4.4_1";"BF.SA.YG.SO"
"BFA";"Burkina Faso";"Sahel";"BFA.12_1";"Yagha";"BFA.12.4_1";"Tankougounadie";"Département";"BFA.12.4.5_1";"BF.SA.YG.TA"
"BFA";"Burkina Faso";"Sahel";"BFA.12_1";"Yagha";"BFA.12.4_1";"Titabe";"Département";"BFA.12.4.6_1";"BF.SA.YG.TI"
"BFA";"Burkina Faso";"Sud-Ouest";"BFA.13_1";"Bougouriba";"BFA.13.1_1";"Bondigui";"Département";"BFA.13.1.1_1";"BF.SO.BB.BA"
"BFA";"Burkina Faso";"Sud-Ouest";"BFA.13_1";"Bougouriba";"BFA.13.1_1";"Diebougou";"Département";"BFA.13.1.2_1";"BF.SO.BB.DI"
"BFA";"Burkina Faso";"Sud-Ouest";"BFA.13_1";"Bougouriba";"BFA.13.1_1";"Dolo";"Département";"BFA.13.1.3_1";"BF.SO.BB.DO"
"BFA";"Burkina Faso";"Sud-Ouest";"BFA.13_1";"Bougouriba";"BFA.13.1_1";"Gueguere";"Département";"BFA.13.1.4_1";"BF.SO.IO.GU"
"BFA";"Burkina Faso";"Sud-Ouest";"BFA.13_1";"Bougouriba";"BFA.13.1_1";"Iolonioro";"Département";"BFA.13.1.5_1";"BF.SO.BB.NI"
"BFA";"Burkina Faso";"Sud-Ouest";"BFA.13_1";"Bougouriba";"BFA.13.1_1";"Tiankoura";"Département";"BFA.13.1.6_1";"BF.SO.BB.TI"
"BFA";"Burkina Faso";"Sud-Ouest";"BFA.13_1";"Ioba";"BFA.13.2_1";"Dano";"Département";"BFA.13.2.1_1";"BF.SO.IO.DA"
"BFA";"Burkina Faso";"Sud-Ouest";"BFA.13_1";"Ioba";"BFA.13.2_1";"Dissin";"Département";"BFA.13.2.2_1";"BF.SO.IO.DI"
"BFA";"Burkina Faso";"Sud-Ouest";"BFA.13_1";"Ioba";"BFA.13.2_1";"Koper";"Département";"BFA.13.2.3_1";"BF.SO.IO.KO"
"BFA";"Burkina Faso";"Sud-Ouest";"BFA.13_1";"Ioba";"BFA.13.2_1";"Niego";"Département";"BFA.13.2.4_1";"BF.SO.IO.NI"
"BFA";"Burkina Faso";"Sud-Ouest";"BFA.13_1";"Ioba";"BFA.13.2_1";"Oronkua";"Département";"BFA.13.2.5_1";"BF.SO.IO.OR"
"BFA";"Burkina Faso";"Sud-Ouest";"BFA.13_1";"Ioba";"BFA.13.2_1";"Ouessa";"Département";"BFA.13.2.6_1";"BF.SO.IO.OU"
"BFA";"Burkina Faso";"Sud-Ouest";"BFA.13_1";"Ioba";"BFA.13.2_1";"Zambo";"Département";"BFA.13.2.7_1";"BF.SO.IO.ZA"
"BFA";"Burkina Faso";"Sud-Ouest";"BFA.13_1";"Noumbiel";"BFA.13.3_1";"Batié";"Département";"BFA.13.3.1_1";"BF.SO.NB.BA"
"BFA";"Burkina Faso";"Sud-Ouest";"BFA.13_1";"Noumbiel";"BFA.13.3_1";"Boussoukoula";"Département";"BFA.13.3.2_1";"BF.SO.NB.BO"
"BFA";"Burkina Faso";"Sud-Ouest";"BFA.13_1";"Noumbiel";"BFA.13.3_1";"Kpuéré";"Département";"BFA.13.3.3_1";"BF.SO.NB.KP"
"BFA";"Burkina Faso";"Sud-Ouest";"BFA.13_1";"Noumbiel";"BFA.13.3_1";"Legmoin";"Département";"BFA.13.3.4_1";"BF.SO.NB.LE"
"BFA";"Burkina Faso";"Sud-Ouest";"BFA.13_1";"Noumbiel";"BFA.13.3_1";"Midebdo";"Département";"BFA.13.3.5_1";"BF.SO.NB.MI"
"BFA";"Burkina Faso";"Sud-Ouest";"BFA.13_1";"Poni";"BFA.13.4_1";"Bouroum-Bouroum";"Département";"BFA.13.4.1_1";"BF.SO.PO.BB"
"BFA";"Burkina Faso";"Sud-Ouest";"BFA.13_1";"Poni";"BFA.13.4_1";"Boussera";"Département";"BFA.13.4.2_1";"BF.SO.PO.BS"
"BFA";"Burkina Faso";"Sud-Ouest";"BFA.13_1";"Poni";"BFA.13.4_1";"Djigouè";"Département";"BFA.13.4.3_1";"BF.SO.PO.DJ"
"BFA";"Burkina Faso";"Sud-Ouest";"BFA.13_1";"Poni";"BFA.13.4_1";"Gaoua";"Département";"BFA.13.4.4_1";"BF.SO.PO.GA"
"BFA";"Burkina Faso";"Sud-Ouest";"BFA.13_1";"Poni";"BFA.13.4_1";"Gbomblora";"Département";"BFA.13.4.5_1";"BF.SO.PO.GB"
"BFA";"Burkina Faso";"Sud-Ouest";"BFA.13_1";"Poni";"BFA.13.4_1";"Kampti";"Département";"BFA.13.4.6_1";"BF.SO.PO.KA"
"BFA";"Burkina Faso";"Sud-Ouest";"BFA.13_1";"Poni";"BFA.13.4_1";"Loropeni";"Département";"BFA.13.4.7_1";"BF.SO.PO.LO"
"BFA";"Burkina Faso";"Sud-Ouest";"BFA.13_1";"Poni";"BFA.13.4_1";"Malba";"Département";"BFA.13.4.8_1";"BF.SO.PO.MA"
"BFA";"Burkina Faso";"Sud-Ouest";"BFA.13_1";"Poni";"BFA.13.4_1";"Nako";"Département";"BFA.13.4.9_1";"BF.SO.PO.NA"
"BFA";"Burkina Faso";"Sud-Ouest";"BFA.13_1";"Poni";"BFA.13.4_1";"Perigban";"Département";"BFA.13.4.10_1";"BF.SO.PO.PE"
